{
  "src": [
    "./assets/md_sounds.ogg",
    "./assets/md_sounds.mp3"
  ],
  "sprite": {
    "md_base_bgm": [
      0,
      192000
    ],
    "md_block_break_win": [
      193000,
      870.7482993197289
    ],
    "md_bonus_land_1": [
      197000,
      795.7369614512402
    ],
    "md_bonus_land_2": [
      199000,
      795.7369614512402
    ],
    "md_bonus_land_3": [
      201000,
      795.7369614512402
    ],
    "md_bonus_win": [
      203000,
      3043.560090702954
    ],
    "md_chest_open": [
      208000,
      743.0385487528213
    ],
    "md_chest_open_big": [
      210000,
      2089.795918367344
    ],
    "md_dead_land": [
      214000,
      469.0476190476147
    ],
    "md_diamond_break": [
      216000,
      1056.507936507927
    ],
    "md_dirt_break": [
      219000,
      1462.857142857132
    ],
    "md_gold_break": [
      222000,
      1195.8276643991042
    ],
    "md_multcombine": [
      225000,
      1674.1269841269855
    ],
    "md_multmove": [
      228000,
      1300.0000000000114
    ],
    "md_obsidian_break": [
      231000,
      1589.2290249433074
    ],
    "md_pick_hit": [
      234000,
      580.4761904761904
    ],
    "md_pick_upgrade": [
      236000,
      1811.1564625850463
    ],
    "md_ruby_break": [
      239000,
      1114.5351473923029
    ],
    "md_stone_break": [
      242000,
      1021.678004535147
    ],
    "md_tnt_win": [
      245000,
      626.9387755102116
    ],
    "shared_betlevel": [
      247000,
      235.10204081631514
    ],
    "shared_click": [
      249000,
      91.0657596371891
    ],
    "shared_reel_stop_1": [
      251000,
      250.36281179137632
    ],
    "shared_reel_stop_2": [
      253000,
      249.88662131519845
    ],
    "shared_reel_stop_3": [
      255000,
      249.75056689342523
    ],
    "shared_reel_stop_4": [
      257000,
      249.7505668933968
    ],
    "shared_reel_stop_5": [
      259000,
      246.6666666666697
    ],
    "shared_totalwin": [
      261000,
      1316.6439909297196
    ],
    "shared_totalwin_big": [
      264000,
      2089.795918367372
    ],
    "shared_totalwin_coins": [
      268000,
      653.061224489818
    ]
  }
}
